title,xref_affil_first_first,xref_affil_main,xref_affiliations,xref_author_count,xref_doi,xref_publisher_location,xref_score,xref_title
Beyond the ‘information rich and poor’: futures understandings of inequality in globalising informational economies,,,Error: No affiliations provided,2.0,10.1016/S0016-3287(00)00016-1,,exact,
On Digital Decolonization: A Conversation with Morehshin Allahyari,,,Error: No affiliations provided,2.0,10.5250/fronjwomestud.41.1.0087,,93.58119,
Of Provenance and Privacy: Using Contextual Integrity to Define Third-Party Privacy,,,Error: No affiliations provided,2.0,10.17723/aarc.74.2.55132839256116n4,,121.98725,
Rethinking Care Theory: The Practice of Caring and the Obligation to Care,,,Error: No affiliations provided,2.0,10.1353/hyp.2005.0102,,95.9627,
Getting Started with the Gig Economy and Finding Work,,,Error: No affiliations provided,2.0,10.1007/978-1-4842-4090-8_2,"Berkeley, CA",34.68448,
Archives or Assets?,,,Error: No affiliations provided,2.0,10.17723/aarc.66.2.h0mn427675783n5l,,exact,
Controlling Goods or Promoting the Public Good: Choices for Special Collections in the Marketplace,,,Error: No affiliations provided,2.0,10.5860/rbm.16.1.435,,exact,
Copyfraud or Legitimate Concerns? Controlling Further Uses of Online Archival Holdings,,,Error: No affiliations provided,2.0,10.17723/aarc.74.2.d5g2700q5612l4w7,,exact,
"Calculating the consequences of narrow Australian copyright exceptions: Measurable, hidden and incalculable costs to creators",,,Error: No affiliations provided,8.0,10.1016/j.poetic.2018.05.005,,81.02284,
A Canadian copyright narrative,,,Error: No affiliations provided,2.0,10.4337/9781848440210.00007,,52.663395,
Re: Law and Literature... and History,,,Error: No affiliations provided,2.0,10.1525/lal.1993.5.2.02a00070,,27.13062,
Do they get what they expect?: The connection between young adults' future expectations before leaving care and outcomes after leaving care,,,Error: No affiliations provided,2.0,10.1016/j.childyouth.2015.06.006,,23.09376,
Design Practices: “Nothing about Us without Us”,,,Error: No affiliations provided,0.0,10.7551/mitpress/12255.003.0006,,75.6216,
The European Commission 2015 Renewable Energy Progress report overlooks adverse impacts of the EU biofuels policy in developing countries,,,Error: No affiliations provided,0.0,10.1163/2210-7975_hrd-0153-2016026,,34.895954,
Household? Household!-Household archaeology showing the expansion of archaeological study,,,Error: No affiliations provided,4.0,10.20292/jcich.2018.26.125,,35.594765,
Copyrights as Incentives: Did We Just Imagine That?,,,Error: No affiliations provided,2.0,10.2202/1565-3404.1262,,127.800156,
Global Intellectual Property Governance (Under Construction),,,Error: No affiliations provided,2.0,10.2202/1565-3404.1271,,43.758705,
Creativity and Culture in Copyright Theory,,,Error: No affiliations provided,2.0,10.4324/9781315095400-17,,56.494896,
Artificial Knowing,,,Error: No affiliations provided,2.0,10.4324/9780203005057,,39.699326,
A Philosophy of Intellectual Property,,,Error: No affiliations provided,2.0,10.22459/pip.06.2016,,50.15082,
"The Myth of Development, The Progress of Rights: Human Rights to Intellectual Property and Development",,,Error: No affiliations provided,2.0,10.1111/j.1467-9930.1996.tb00175.x,,26.094847,
A Diachronic Computational Lexical Resource for 800 Years of Swedish,,,Error: No affiliations provided,4.0,10.1007/978-3-642-20227-8_3,"Berlin, Heidelberg",38.548485,
"“Anonymous, Untitled, Mixed Media”: Mixing Intellectual Property Law with Other Legal Philosophies to Protect Traditional Cultural Expressions",,,Error: No affiliations provided,2.0,10.1093/ajcl/54.1.173,,57.627907,
"Managing, searching and finding digital cultural objects: putting it in
						context",,,Error: No affiliations provided,2.0,10.29085/9781783301539.002,,33.19683,
505 and All That. The Defendant's Dilemma,,,Error: No affiliations provided,2.0,10.2307/1191777,,45.9799,
Will Work for Screen Credit,,,Error: No affiliations provided,2.0,10.1007/978-1-84457-929-7_10,London,43.603363,
The Impact of Digitization on Special Collections in Libraries,,,Error: No affiliations provided,2.0,10.1353/lac.2002.0012,,53.73388,
"Introduction: Rethinking Design History through Disability, Rethinking Disability through Design",,,Error: No affiliations provided,4.0,10.5040/9781350070462.ch-00i,,44.334465,
Measuring the impact of digitized resources: The Balanced Value Model,,,Error: No affiliations provided,4.0,10.1109/digitalheritage.2013.6744724,,66.19449,
Heard on the Net: Developing the Balance of Discovery and Respect with Primary Resources,,,Error: No affiliations provided,6.0,10.5260/chara.18.2.65,,exact,
Introduction,,,Error: No affiliations provided,2.0,10.18574/nyu/9781479813803.003.0001,,81.84036,
Evaluation of an automated method for measuring von Willebrand factor activity in clinical samples without ristocetin,Department of Pathology and Molecular Medicine; McMaster University; Hamilton Ontario Canada,['Hamilton Regional Laboratory Medicine Program; Hamilton Ontario Canada'],"[['Department of Pathology and Molecular Medicine; McMaster University; Hamilton Ontario Canada'], ['Department of Pathology and Molecular Medicine; McMaster University; Hamilton Ontario Canada'], ['Department of Medicine; McMaster University; Hamilton Ontario Canada', 'Hamilton Regional Laboratory Medicine Program; Hamilton Ontario Canada'], ['Department of Medicine; McMaster University; Hamilton Ontario Canada', 'Hamilton Regional Laboratory Medicine Program; Hamilton Ontario Canada'], ['Hamilton Regional Laboratory Medicine Program; Hamilton Ontario Canada'], ['Hamilton Regional Laboratory Medicine Program; Hamilton Ontario Canada'], ['Department of Pediatrics; McMaster University; Hamilton Ontario Canada'], ['Department of Pediatrics; McMaster University; Hamilton Ontario Canada'], ['Department of Clinical Epidemiology and Biostatistics; McMaster University; Hamilton Ontario Canada'], ['Department of Clinical Epidemiology and Biostatistics; McMaster University; Hamilton Ontario Canada'], ['Department of Pathology and Laboratory Medicine; University of Ottawa and Ottawa Hospital; Ottawa Ontario Canada'], ['Department of Pathology and Laboratory Medicine; University of Ottawa and Ottawa Hospital; Ottawa Ontario Canada'], ['Department of Pathology and Molecular Medicine; McMaster University; Hamilton Ontario Canada', 'Department of Medicine; McMaster University; Hamilton Ontario Canada', 'Hamilton Regional Laboratory Medicine Program; Hamilton Ontario Canada'], ['Department of Pathology and Molecular Medicine; McMaster University; Hamilton Ontario Canada', 'Department of Medicine; McMaster University; Hamilton Ontario Canada', 'Hamilton Regional Laboratory Medicine Program; Hamilton Ontario Canada']]",14.0,10.1111/ijlh.12218,,38.18675,
Creating Structured Linked Data to Generate Scholarly Profiles: A Pilot Project using Wikidata and Scholia,,,Error: No affiliations provided,4.0,10.7710/2162-3309.2272,,48.574974,
Digital Division Is Cultural Exclusion. But Is Digital Inclusion Cultural Inclusion?,,,Error: No affiliations provided,2.0,10.1045/march2002-worcman,,exact,
Uses of Heritage,,,Error: No affiliations provided,2.0,10.4324/9780203602263,,48.6433,
Opening Access to collections: the making and using of open digitised cultural content,,,Error: No affiliations provided,2.0,10.1108/OIR-06-2015-0193,,exact,
“Live Streaming”,,,Error: No affiliations provided,2.0,10.1007/s40319-013-0086-6,,53.49802,
Locked-in Data Production: User Dignity and Capture in the Platform Economy,,,Error: No affiliations provided,2.0,10.2139/ssrn.3469819,,44.471855,
International and Domestic Laws in Collaboration: An Effective Means of Environmental Liability Regime-Making,,,Error: No affiliations provided,2.0,10.1163/9789004294288_010,,40.282764,
The Politics of Mass Digitization,,,Error: No affiliations provided,2.0,10.7551/mitpress/11404.001.0001,,73.099434,
Open Images. Risk or opportunity for art collections in the digital age?,,,Error: No affiliations provided,2.0,10.5617/nm.3083,,112.24884,
Digital Humanities and Cultural Heritage Preservation,,,Error: No affiliations provided,4.0,10.14434/sdh.v3i2.27721,,27.418358,
The Myth of European Term Harmonisation: 27 Public Domains for the 27 Member States,,,Error: No affiliations provided,2.0,10.2139/ssrn.2145862,,96.68565,
Israeli Copyright Law: A Positive Economic Perspective,,,Error: No affiliations provided,2.0,10.1017/s0021223700013169,,49.082138,
Systemic treatment for invasive bladder cancer: neoadjuvant chemotherapy and laparoscopic radical cystectomy,"Université Paris Descartes,  France","['Université Paris Descartes,  France']","[['Université Paris Descartes,  France'], ['Université Paris Descartes,  France'], ['Université Paris Descartes,  France'], ['Université Paris Descartes,  France'], ['Université Paris Descartes,  France'], ['Université Paris Descartes,  France']]",6.0,10.1590/s1677-55382008000400015,,19.451164,
The Public Domain vs. the Museum: The Limits of Copyright and Reproductions of Two-dimensional Works of Art,,,Error: No affiliations provided,2.0,10.5334/jcms.1021217,,exact,
"The Digitisation of Cultural Heritage Originality, Derivative Works and (Non) Original Photographs: Executive Summary",,,Error: No affiliations provided,2.0,10.2139/ssrn.2573137,,99.74493,
Embracing the new disability rights paradigm: the importance of the Convention on the Rights of Persons with Disabilities,,,Error: No affiliations provided,2.0,10.1080/09687599.2012.631794,,108.99104,
"Feedback-giving as social practice: teachers’ perspectives on feedback as institutional requirement, work and dialogue",,,Error: No affiliations provided,2.0,10.1080/13562517.2011.611870,,22.739674,
Why we need to listen to children of prisoners,"School of Education; Liverpool John Moores University, IM Marsh; Liverpool United Kingdom","['School of Education; Liverpool John Moores University, IM Marsh; Liverpool United Kingdom']","[['School of Education; Liverpool John Moores University, IM Marsh; Liverpool United Kingdom'], ['School of Education; Liverpool John Moores University, IM Marsh; Liverpool United Kingdom']]",2.0,10.1111/ejed.12278,,31.413273,
Policy Needs to Go Hand in Hand with Practice: The Learning and Listening Approach to Data Management,,,Error: No affiliations provided,16.0,10.5334/dsj-2019-045,,exact,
Toward a New Research Agenda?,,,Error: No affiliations provided,2.0,10.2307/j.ctvcwp0hd.19,,62.04429,
Cultural Heritage Law,,,Error: No affiliations provided,2.0,10.1093/acprof:oso/9780198723516.003.0001,,56.483017,
The Human Rights Implications of Intellectual Property Protection,,,Error: No affiliations provided,2.0,10.1093/jiel/5.4.861,,exact,
The meaning of 1970 for the acquisition of archaeological objects,,,Error: No affiliations provided,2.0,10.1179/0093469013Z.00000000062,,exact,
"Culture is digital: Cultural participation, diversity and the digital divide","Loughborough University, UK","['Loughborough University, UK']","[['Loughborough University, UK'], ['Loughborough University, UK'], ['Loughborough University, UK'], ['Loughborough University, UK'], ['Loughborough University, UK'], ['Loughborough University, UK']]",6.0,10.1177/1461444818822816,,106.009834,
Changing Companies,,,Error: No affiliations provided,4.0,10.1016/b978-012370488-7/50005-1,,20.220392,
Modeling Users' Successive Searches in Digital Environments,,,Error: No affiliations provided,8.0,10.1045/april98-spink,,35.532703,
Indigenous Cultural and Intellectual Property Rights,,,Error: No affiliations provided,2.0,10.1045/may2002-sullivan,,99.583,
Arabidopsis protoplast transformation and regeneration,,,Error: No affiliations provided,4.0,10.1007/978-94-009-0103-2_7,Dordrecht,28.425026,
Finding the Public Domain: Copyright Review Management System Toolkit,,,Error: No affiliations provided,10.0,10.3998/crmstoolkit.14616082.0001.001,,exact,
Suspending Damage: A Letter to Communities,,,Error: No affiliations provided,2.0,10.17763/haer.79.3.n0016675661t3n15,,exact,
Navigating the Problem of Inclusion as Enclosure in Native Culture-Based Education: Theorizing Shadow Curriculum,,,Error: No affiliations provided,2.0,10.1111/j.1467-873X.2011.00552.x,,exact,
On Being Included,,,Error: No affiliations provided,2.0,10.1215/9780822395324,,75.62557,
"Digital: Museum as Platform, Curator as Champion, in the Age of Social Media",,,Error: No affiliations provided,2.0,10.1111/j.2151-6952.2009.00006.x,,exact,
Writing History in the Digital Age,,,Error: No affiliations provided,0.0,10.1353/book.27633,,35.349003,
Introduction,,,Error: No affiliations provided,4.0,10.1007/978-3-319-20170-2_1,Cham,71.88966,
Feminism Confronts Technology,,,Error: No affiliations provided,4.0,10.2307/591252,,50.61248,
The Differences between Digital Humanities and Digital History,,,Error: No affiliations provided,2.0,10.5749/j.ctt1cn6thb.28,,87.92878,
Why Are the Digital Humanities So White? or Thinking the Histories of Race and Computation,,,Error: No affiliations provided,2.0,10.5749/minnesota/9780816677948.003.0017,,121.854256,
How “accessible” is open data?,,,Error: No affiliations provided,4.0,10.1108/ils-08-2019-0086,,132.75153,
Canada's Database Decision,,,Error: No affiliations provided,2.0,10.1111/j.1747-1796.1999.tb00058.x,,58.108345,
1. Who is Indigenous?,,,Error: No affiliations provided,2.0,10.1515/9783110363234-004,"Berlin, Boston",61.75914,
Paradigm shifting to a point,,,Error: No affiliations provided,4.0,10.4324/9780429342677-9,"Abingdon, Oxon ; New York, NY : Routledge, [2020]",49.95549,
Hacking heritage,,,Error: No affiliations provided,2.0,10.4324/9780429506765-11,,84.80664,
Ein optimales Umfeld für Innovationen,Sauter Deutschland GmbH Freiburg,['Sauter Deutschland GmbH Freiburg'],"[['Sauter Deutschland GmbH Freiburg'], ['Sauter Deutschland GmbH Freiburg']]",2.0,10.1002/citp.201900723,,21.663506,
“Open Access” and the Fate of Knowledge from Africa: A Theoretical Discussion,,,Error: No affiliations provided,2.0,10.7709/jnegroeducation.87.4.0359,,82.33915,
Navigating Transcultural Currents: Stories of Indigenous Modernities,,,Error: No affiliations provided,2.0,10.1163/9789401206976_007,,30.782717,
From Digital Library to Open Datasets,,,Error: No affiliations provided,8.0,10.6017/ital.v38i4.11101,,exact,
Mapping Canada’s Indigenous Digital Collections,,,Error: No affiliations provided,6.0,10.29173/cais1060,,exact,
Die Bereitstellung offener Daten in Deutschland weiter fördern,,,Error: No affiliations provided,2.0,10.1007/s35114-012-0122-2,,36.566982,
More than Meets the Eye,,,Error: No affiliations provided,2.0,10.1093/oso/9780190604356.001.0001,,75.13193,
Wound management in children,,,Error: No affiliations provided,2.0,10.7748/paed.11.5.39.s24,,19.002682,
“The Imperative of Responsibility“ in a Legal Context: Reconciling Responsibilities and Rights,,,Error: No affiliations provided,2.0,10.5848/csp.1786.00011,,37.176212,
International Heritage Law for Communities,,,Error: No affiliations provided,2.0,10.1093/oso/9780198843306.001.0001,,92.65796,
New Digital Worlds,,,Error: No affiliations provided,2.0,10.2307/j.ctv7tq4hg,,120.09877,
Exploring Charging Models for Digital Cultural Heritage in Europe,,,Error: No affiliations provided,4.0,10.1045/may2003-tanner,,38.010986,
3D Printing: Cultural Property as Intellectual Property,,,Error: No affiliations provided,2.0,10.2139/ssrn.2595018,,74.108765,
Control of Museum Art Images: The Reach and Limits of Copyright and Licensing,,,Error: No affiliations provided,4.0,10.2139/ssrn.1542070,,66.740715,
Control of Museum Art Images: The Reach and Limits of Copyright and Licensing,,,Error: No affiliations provided,4.0,10.2139/ssrn.1542070,,59.09779,
The European Commission 2015 Renewable Energy Progress report overlooks adverse impacts of the EU biofuels policy in developing countries,,,Error: No affiliations provided,0.0,10.1163/2210-7975_hrd-0153-2016026,,34.895954,
Digital Britain: New Labour's digitisation of the UK's cultural heritage,,,Error: No affiliations provided,2.0,10.1080/09548963.2011.589712,,37.50619,
Decolonising Digital Technologies? Digital Geographies and Indigenous Peoples,,,Error: No affiliations provided,2.0,10.1007/978-3-030-28307-0_5,Cham,21.611525,
The distributed museum isalready here,,,Error: No affiliations provided,2.0,10.4324/9780429506765-8,,105.939476,
Internet Architecture and Disability,,,Error: No affiliations provided,2.0,10.2139/ssrn.3338589,,44.862503,
"Digitisation, digital interaction and social media: embedded barriers to democratic heritage","Department of Digital Humanities, King’s College London, London, UK","['Department of Policy, Management and Society, Norwegian Institute for Cultural Heritage Research (NIKU), Oslo, Norway', 'Department of Digital Humanities, King’s College London, London, UK']","[['Department of Policy, Management and Society, Norwegian Institute for Cultural Heritage Research (NIKU), Oslo, Norway'], ['Department of Policy, Management and Society, Norwegian Institute for Cultural Heritage Research (NIKU), Oslo, Norway'], ['Department of Digital Humanities, King’s College London, London, UK'], ['Department of Digital Humanities, King’s College London, London, UK']]",4.0,10.1080/13527258.2016.1171245,,117.89159,
The Politics of Global Information Sharing: Whose Cultural Agendas Are Being Advanced?,"New YorkUniversity, USA","['University of New South Wales, Australia', 'New York\rUniversity, USA']","[['University of New South Wales, Australia'], ['University of New South Wales, Australia'], ['New York\rUniversity, USA'], ['New York\rUniversity, USA']]",4.0,10.1177/0964663909345095,,exact,
Beyond IP The Cost of Free - Informational Capitalism in a Post IP Era,,,Error: No affiliations provided,2.0,10.2139/ssrn.2761403,,96.65617,
The Digital Future of Museums,,,Error: No affiliations provided,4.0,10.4324/9780429491573,,110.3238,
"Lilyan Kesteloot, la pioche jusqu’au bout…",,,Error: No affiliations provided,2.0,10.7202/1062273ar,,40.667225,
Preservation is Political: Enacting Contributive Justice and Decolonizing Transnational Archival Collaborations,,,Error: No affiliations provided,2.0,10.5334/kula.36,,exact,
From the Author to the Proprietor: Newspaper Copyright andThe Times(1842–1956),"Kathy Bowrey, Faculty of Law, University of New South Wales, Australia. Thanks to Nick Mays, Anne Jensen, Rick Watson, Karen Jacques, Eugene Rae, Patrick Russell, Anita de Silva, Charles Mathew, Peter Putnis, Andrea Waterhouse and John Entwistle for facilitating access to various archives and sharing their knowledge. Nathan Moore, Cara Levey and David Lobenstine kindly read and commented on previous drafts. Thanks to Jennifer Kwong for research assistance. This work was presented in a workshop at Kent...","['Jose Bellido, Kent Law School, University of Kent, UK;', 'Kathy Bowrey, Faculty of Law, University of New South Wales, Australia. Thanks to Nick Mays, Anne Jensen, Rick Watson, Karen Jacques, Eugene Rae, Patrick Russell, Anita de Silva, Charles Mathew, Peter Putnis, Andrea Waterhouse and John Entwistle for facilitating access to various archives and sharing their knowledge. Nathan Moore, Cara Levey and David Lobenstine kindly read and commented on previous drafts. Thanks to Jennifer Kwong for research assistance. This work was presented in a workshop at Kent...']","[['Jose Bellido, Kent Law School, University of Kent, UK;'], ['Jose Bellido, Kent Law School, University of Kent, UK;'], ['Kathy Bowrey, Faculty of Law, University of New South Wales, Australia. Thanks to Nick Mays, Anne Jensen, Rick Watson, Karen Jacques, Eugene Rae, Patrick Russell, Anita de Silva, Charles Mathew, Peter Putnis, Andrea Waterhouse and John Entwistle for facilitating access to various archives and sharing their knowledge. Nathan Moore, Cara Levey and David Lobenstine kindly read and commented on previous drafts. Thanks to Jennifer Kwong for research assistance. This work was presented in a workshop at Kent...'], ['Kathy Bowrey, Faculty of Law, University of New South Wales, Australia. Thanks to Nick Mays, Anne Jensen, Rick Watson, Karen Jacques, Eugene Rae, Patrick Russell, Anita de Silva, Charles Mathew, Peter Putnis, Andrea Waterhouse and John Entwistle for facilitating access to various archives and sharing their knowledge. Nathan Moore, Cara Levey and David Lobenstine kindly read and commented on previous drafts. Thanks to Jennifer Kwong for research assistance. This work was presented in a workshop at Kent...']]",4.0,10.5235/17577632.6.2.206,,35.022648,
Canada's Residential Schools: The Legacy,,,Error: No affiliations provided,2.0,10.2307/j.ctt19rmbqj,,95.862335,
Questions of quality in repositories of open educational resources: a literature review,,,Error: No affiliations provided,4.0,10.3402/rlt.v22.20889,,65.27654,
Resale Rights,,,Error: No affiliations provided,2.0,10.4337/9780857930576.00061,,36.191803,
“Digital Montagny”: An Introspective Experience in Art History,,,Error: No affiliations provided,4.0,10.1086/680739,,42.305847,
"The value and impact of digitized resources for learning, teaching,
						research and enjoyment",,,Error: No affiliations provided,2.0,10.29085/9781856049085.009,,56.57949,
Delivering Impact with Digital Resources,,,Error: No affiliations provided,2.0,10.29085/9781783302529,,83.04656,
"“Who Lives, Who Dies, Who Tells Your Story”:The Use and Representation of Records in Hamilton: An American Musical",,,Error: No affiliations provided,2.0,10.17723/0360-9081.80.1.53,,exact,
"Permissions, A Survival Guide",,,Error: No affiliations provided,2.0,10.7208/chicago/9780226046396.001.0001,,109.895096,
Introducing the Digital Public Domain. Communia and the European Public Domain Project: A Politics of the Public Domain,,,Error: No affiliations provided,2.0,10.11647/obp.0019.01,,133.03453,
Public Rights,,,Error: No affiliations provided,4.0,10.1017/9781316460214,,72.83032,
Mona Lisa,,,Error: No affiliations provided,2.0,10.1017/9781108325806.004,,76.39479,
Digital access to culture: copyright in photographs of two-dimensional art under Australian copyright law,,,Error: No affiliations provided,2.0,10.4337/qmjip.2017.04.02,,132.95158,
Evaluating Directive 2001/29/EC in the Light of the Digital Public Domain,,,Error: No affiliations provided,2.0,10.11647/obp.0019.03,,46.82354,
Control of Museum Art Images: The Reach and Limits of Copyright and Licensing,,,Error: No affiliations provided,4.0,10.4337/9780857931542.00021,,119.3893,
Control of Museum Art Images: The Reach and Limits of Copyright and Licensing,,,Error: No affiliations provided,4.0,10.4337/9780857931542.00021,,65.36764,
"Copyright exceptions for the digital age: new rights of private copying, parody and quotation",,,Error: No affiliations provided,2.0,10.1093/jiplp/jpu202,,35.293198,
"Libraries, archives and museums: catalysts along the collaboration continuum",,,Error: No affiliations provided,6.0,10.1017/s0307472200015832,,96.21093,
Conceptualising culture,,,Error: No affiliations provided,4.0,10.1108/13527600010797138,,27.029747,
HiePaCo: Scalable Hierarchical Exploration in Abstract Parallel Coordinates Under Budget Constraints,,,Error: No affiliations provided,10.0,10.1016/j.bdr.2019.07.001,,24.25827,
Is increased choroidal thickness associated with primary angle closure?,Eye Clinic; Denizli State Hospital; Denizli Turkey,['Ophthalmology Department; Pamukkale University; Denizli Turkey'],"[['Ophthalmology Department; Pamukkale University; Denizli Turkey'], ['Ophthalmology Department; Pamukkale University; Denizli Turkey'], ['Ophthalmology Department; Pamukkale University; Denizli Turkey'], ['Ophthalmology Department; Pamukkale University; Denizli Turkey'], ['Eye Clinic; Denizli State Hospital; Denizli Turkey'], ['Eye Clinic; Denizli State Hospital; Denizli Turkey']]",6.0,10.1111/aos.12528,,20.84817,
Wikidata: Recruiting the Crowd to Power Access to Digital Archives,,,Error: No affiliations provided,2.0,10.1080/19376529.2019.1559520,,43.107513,
How Copyright Keeps Works Disappeared,,,Error: No affiliations provided,2.0,10.1111/jels.12057,,100.57472,
The International Copyright System,,,Error: No affiliations provided,2.0,10.7215/ip_ip_20060601,"Geneva, Switzerland",43.97344,
Protecting Their Own: Fundamental Rights Implications for EU Data Sovereignty in the Cloud,,,Error: No affiliations provided,4.0,10.2139/ssrn.2283175,,22.331478,
How open is OpenGLAM? Identifying barriers to commercial and non-commercial reuse of digitised art images,,,Error: No affiliations provided,6.0,10.1108/jd-06-2019-0109,,171.55144,
Flexible processing and diverse collections: a tiered approach to delivering born digital archives,,,Error: No affiliations provided,6.0,10.1080/23257962.2016.1139493,,51.55713,
Flexible processing and diverse collections: a tiered approach to delivering born digital archives,,,Error: No affiliations provided,6.0,10.1080/23257962.2016.1139493,,44.019985,
"Museums: Geopolitics, Decolonisation, Globalisation and Migration",,,Error: No affiliations provided,2.0,10.1080/13500775.2019.1638030,,exact,
Intellectual Property and Climate Change,,,Error: No affiliations provided,2.0,10.1093/oxfordhb/9780198758457.013.34,,70.03233,
"Intellectual Property, Climate Change and Technology",,,Error: No affiliations provided,2.0,10.4337/9781788111119,,67.03837,
Research Handbook on Intellectual Property and Climate Change,,,Error: No affiliations provided,2.0,10.4337/9781784719463,,68.2087,
Knowledge and Awareness about HIV/AIDS among Nursing Staff of a Tribal District Hospital of South India,,,Error: No affiliations provided,22.0,10.18049/jcmad/118,,11.174896,
Information Tangibility,,,Error: No affiliations provided,2.0,10.1007/978-1-4757-3750-9_18,"Boston, MA",36.52916,
Intellectual Property Law,,,Error: No affiliations provided,8.0,10.1093/he/9780198769958.001.0001,,98.9827,
Accountability and disposal: visual impairment and the museum,,,Error: No affiliations provided,2.0,10.29311/mas.v1i2.18,,76.09123,
The New Intellectual Property,,,Error: No affiliations provided,2.0,10.1080/10383441.2011.10854695,,56.88284,
Information Feudalism,,,Error: No affiliations provided,4.0,10.4324/9781315092683,,95.06466,
Information Feudalism,,,Error: No affiliations provided,4.0,10.4324/9781315092683,,95.06466,
Moments in law: contestation and settlement in the history of intellectual property,,,Error: No affiliations provided,4.0,10.1080/09692290110055849,,51.772728,
Risk Aversion and Rights Accretion in Intellectual Property Law,,,Error: No affiliations provided,2.0,10.2307/20455747,,exact,
"Commodity Culture, Private Censorship, Branded Environments, and Global Trade Politics: Intellectual Property as a Topic of Law and Society Research",,,Error: No affiliations provided,2.0,10.1002/9780470693650.ch20,"Oxford, UK",49.266396,
Trading in Security: Issues in the Commodification of Public Security,,,Error: No affiliations provided,2.0,10.1007/978-1-349-67284-4_42,London,30.575422,
Global Intellectual Property Governance (Under Construction),,,Error: No affiliations provided,2.0,10.2202/1565-3404.1271,,43.758705,
Three Attempts at Inflation Forecasting in Pakistan,,,Error: No affiliations provided,4.0,10.30541/v45i3pp.341-368,,20.389381,
"The New, New Property",,,Error: No affiliations provided,2.0,10.2139/ssrn.418853,,exact,
Exploring the Alternative-Mainstream Dialectic: What “Alternative Media” Means to a Hybrid Audience,Department of Journalism & Communication Studies; Long Island University Brooklyn; New York NY 11201 USA,['Department of Journalism & Communication Studies; Long Island University Brooklyn; New York NY 11201 USA'],"[['Department of Journalism & Communication Studies; Long Island University Brooklyn; New York NY 11201 USA'], ['Department of Journalism & Communication Studies; Long Island University Brooklyn; New York NY 11201 USA']]",2.0,10.1111/cccr.12068,,28.18205,
Towards a Critique of the Category of Totalitarianism,,,Error: No affiliations provided,2.0,10.1163/1569206041551663,,31.798573,
Caregiver roles in families affected by Huntington's disease: a qualitative interview study,Institute of Health and Society; University of Oslo; Oslo Norway,['Department of Global Public Health and Primary Care; University of Bergen; Bergen Norway'],"[['Research Network on Integrated Health Care in Western Norway; Helse Fonna Local Health Authority; Haugesund Norway', 'Department of Global Public Health and Primary Care; University of Bergen; Bergen Norway'], ['Research Network on Integrated Health Care in Western Norway; Helse Fonna Local Health Authority; Haugesund Norway', 'Department of Global Public Health and Primary Care; University of Bergen; Bergen Norway'], ['Department of Global Public Health and Primary Care; University of Bergen; Bergen Norway', 'Research Unit for General Practice; Uni Health; Uni Research; Bergen Norway'], ['Department of Global Public Health and Primary Care; University of Bergen; Bergen Norway', 'Research Unit for General Practice; Uni Health; Uni Research; Bergen Norway'], ['Institute of Health and Society; University of Oslo; Oslo Norway', 'Department of Neurology; Oslo University Hospital; Oslo Norway', 'Global Health Leadership Institute; School of Public Health; Yale University; New Haven CT USA'], ['Institute of Health and Society; University of Oslo; Oslo Norway', 'Department of Neurology; Oslo University Hospital; Oslo Norway', 'Global Health Leadership Institute; School of Public Health; Yale University; New Haven CT USA']]",6.0,10.1111/scs.12098,,21.960564,
"Small steps, big impact – how SMK became SMK Open",,,Error: No affiliations provided,2.0,10.29085/9781783302505.006,,54.75296,
Public Domain Art in an Age of Easier Mechanical Reproducibility,,,Error: No affiliations provided,2.0,10.1045/november2005-hamma,,103.39078,
Cultural Information Standards—Political Territory and Rich Rewards,,,Error: No affiliations provided,2.0,10.7551/mitpress/9780262033534.003.0012,,110.37285,
"Digital Knowledgescapes: Cultural, Theoretical, Practical, and Usage Issues Facing Museum Collection Databases in a Digital Epoch",,,Error: No affiliations provided,4.0,10.7551/mitpress/9780262033534.003.0010,,171.30264,
Introduction,,,Error: No affiliations provided,4.0,10.7551/mitpress/9780262033534.003.0001,,99.522484,
Changing paradigms in museum archaeology,,,Error: No affiliations provided,2.0,10.1017/s0003598x00085495,,32.97451,
Introduction,,,Error: No affiliations provided,4.0,10.7551/mitpress/9780262033534.003.0001,,94.87767,
"Digitization, History, and the Making of a Postcolonial Archive of Southern African Liberation Struggles: The Aluka Project",,,Error: No affiliations provided,6.0,10.2979/aft.2005.52.2.54,,163.49994,
Dazzled by Digital?: Research Environments in African Universities and Their Implications for the Use of Digital Resources,,,Error: No affiliations provided,2.0,10.1163/9789004279148_004,,31.027855,
"Plan Well, Live Well: AARP Eyes Financial Resilience for All",,,Error: No affiliations provided,2.0,10.26419/int.00001.007,,25.027756,
Digital Language Death,,,Error: No affiliations provided,2.0,10.1371/journal.pone.0077056,,exact,
"Museums, health and wellbeing research: co-developing a new observational method for people with dementia in hospital contexts","Professor of Biology, UCL Biosciences and Head of Research and Teaching, UCL Culture, University College London, Gower Street, London WC1E 6BT, UK","['Research Associate, Whitworth Art Gallery, University of Manchester and Honorary Researcher, UCL Culture, University College London, London, UK', 'Professor of Biology, UCL Biosciences and Head of Research and Teaching, UCL Culture, University College London, Gower Street, London WC1E 6BT, UK']","[['Research Associate, Whitworth Art Gallery, University of Manchester and Honorary Researcher, UCL Culture, University College London, London, UK'], ['Research Associate, Whitworth Art Gallery, University of Manchester and Honorary Researcher, UCL Culture, University College London, London, UK'], ['Professor of Biology, UCL Biosciences and Head of Research and Teaching, UCL Culture, University College London, Gower Street, London WC1E 6BT, UK'], ['Professor of Biology, UCL Biosciences and Head of Research and Teaching, UCL Culture, University College London, Gower Street, London WC1E 6BT, UK']]",4.0,10.1177/1757913917737588,,62.198067,
Higher Law: Can Christian Conservatives Transform Law Through Legal Education?,,,Error: No affiliations provided,4.0,10.1111/lasr.12364,,32.807613,
Kate Livingston + Andrew McIntyre,,,Error: No affiliations provided,4.0,10.4324/9780429491573-11,,70.2386,
Lara Day + David Smith,,,Error: No affiliations provided,4.0,10.4324/9780429491573-6,,59.813423,
LaToya Devezin + Barbara Makuati-Afitu,,,Error: No affiliations provided,4.0,10.4324/9780429491573-5,,109.55917,
Europe and Central Asia: Regional food market situation and policy bulletin in response to the COVID-19 pandemic,,,Error: No affiliations provided,0.0,10.4060/ca8869en,,32.3279,
The Romance of the Public Domain,,,Error: No affiliations provided,4.0,10.2307/3481419,,exact,
Diversity of artists in major U.S. museums,,,Error: No affiliations provided,18.0,10.1371/journal.pone.0212852,,exact,
What it means to be “under-connected” in lower-income families,"Department of Communication, Rutgers University, New Brunswick, NJ, USA","['Department of Communication, Rutgers University, New Brunswick, NJ, USA']","[['Department of Communication, Rutgers University, New Brunswick, NJ, USA'], ['Department of Communication, Rutgers University, New Brunswick, NJ, USA']]",2.0,10.1080/17482798.2017.1305602,,44.92459,
"Golden Algae, Yellow-green Algae, Diatoms: Chrysophyta",,,Error: No affiliations provided,4.0,10.1007/978-1-4615-6567-3_56,"Boston, MA",24.451069,
Academic Special Collections and the Myths of Copyright,,,Error: No affiliations provided,4.0,10.17161/jcel.v3i3.7887,,exact,
Federal Collective Bargaining after Electrolux,"School of Business Law and Taxation, UNSW.","['School of Business Law and Taxation, UNSW.']","[['School of Business Law and Taxation, UNSW.'], ['School of Business Law and Taxation, UNSW.']]",2.0,10.1177/0067205x0603400102,,23.153587,
Antiques interactive,,,Error: No affiliations provided,4.0,10.1145/2390867.2390875,"New York, New York, USA",85.4493,
On Knowing Your Own Beliefs: A Representationalist Account,,,Error: No affiliations provided,2.0,10.1057/9781137026521_8,London,28.277111,
"Switching to Git: The Good, the Bad, and the Ugly",,,Error: No affiliations provided,8.0,10.1109/issre.2016.38,,30.118816,
Museum Collections and Online Users: Development of a Segmentation Model for the Metropolitan Museum of Art,"The Metropolitan Museum of Art, New York City, USA","['The Metropolitan Museum of Art, New York City, USA']","[['The Metropolitan Museum of Art, New York City, USA'], ['The Metropolitan Museum of Art, New York City, USA']]",2.0,10.1080/10645578.2019.1668679,,48.924835,
Telecommunicators and the Future,,,Error: No affiliations provided,2.0,10.1007/978-1-4899-6038-2_21,"Boston, MA",20.985096,
Twisted particles as a new tool to study micro world phenomena and processes,,,Error: No affiliations provided,2.0,10.1051/shsconf/20184400058,,22.50886,
An Uneasy Alliance,,,Error: No affiliations provided,2.0,10.4324/9781315200057-11,,47.244156,
A Community of Relations: Mukurtu Hubs and Spokes,,,Error: No affiliations provided,6.0,10.1045/may2017-christen,,exact,
Some Provocations On the Digital Future of Museums,,,Error: No affiliations provided,2.0,10.4324/9780429491573-2,,104.91829,
Pointers and Proxies,,,Error: No affiliations provided,4.0,10.4324/9780429505188-31,"New York : Routledge, 2020. | Series: [Routledge art history and visual studies companions]",51.78807,
"Implementation of the International Covenant on Economic, Social and Cultural Rights",,,Error: No affiliations provided,2.0,10.14217/9781848598683-14-en,,50.704815,
"States parties which have deposited with the Secretary-General instruments of acceptance of the amendment to article 20, paragraph 1, of the Convention, as at 31 August 2006",,,Error: No affiliations provided,0.0,10.18356/751800bd-en,,48.35503,
"Chapter 2 Cultural Diversity as a Human Right? General Comment No. 21 of the Committee on Economic, Social and Cultural Rights",,,Error: No affiliations provided,2.0,10.1163/9789004228382_003,,58.99267,
Reaping the Benefits of Digitisation: Pilot study exploring revenue generation from digitised collections through technological innovation,,,Error: No affiliations provided,8.0,10.14236/ewic/EVA2018.11,,exact,
Critical and reflective uses of new media technologies in tribal museums,,,Error: No affiliations provided,8.0,10.1080/09647770902857901,,131.61568,
Re-thinking the cultural codes of new media: The question concerning ontology,"University of California, USA","['University of California, USA']","[['University of California, USA'], ['University of California, USA']]",2.0,10.1177/1461444812450686,,98.90876,
Decentering Design: Wikipedia and Indigenous Knowledge,,,Error: No affiliations provided,2.0,10.1080/10447318.2013.765768,,45.710102,
Archival Amnesty: In Search of Black American Transitional and Restorative Justice,,,Error: No affiliations provided,2.0,10.24242/jclis.v1i2.42,,111.81574,
Finding the Public Domain: Copyright Review Management System Toolkit,,,Error: No affiliations provided,10.0,10.3998/crmstoolkit.14616082.0001.001,,109.66998,
Recoding Gender,,,Error: No affiliations provided,2.0,10.7551/mitpress/9014.001.0001,,50.336235,
Electronic Art and the Law: Intellectual Property Rights in Cyberspace,"(educator), Rensselaer Polytechnic Institute, Troy, NY 12180, U.S.A. E-mail: <>","['(educator), Rensselaer Polytechnic Institute, Troy, NY 12180, U.S.A. E-mail: <>']","[['(educator), Rensselaer Polytechnic Institute, Troy, NY 12180, U.S.A. E-mail: <>'], ['(educator), Rensselaer Polytechnic Institute, Troy, NY 12180, U.S.A. E-mail: <>']]",2.0,10.1162/002409499553226,,92.84422,
Digital cultural collections in an age of reuse and remixes,,,Error: No affiliations provided,4.0,10.1002/meet.14504701045,,exact,
"Photography, Copyright and the South Kensington Experiment",,,Error: No affiliations provided,2.0,10.4337/9781849808033.00010,,exact,
V&A Images 2009,,,Error: No affiliations provided,2.0,10.18665/sr.22356,New York,80.483215,
Race After Technology: Abolitionist Tools for the New Jim Code,,,Error: No affiliations provided,2.0,10.1093/sf/soz162,,45.635258,
When Winning Is Losing: Why the Nation that Invented the Computer Lost Its Lead,,,Error: No affiliations provided,2.0,10.1109/mc.2018.3971355,,27.645351,
Surveillance as Social Sorting,,,Error: No affiliations provided,2.0,10.4324/9780203994887,,80.29863,
On virtual auras,,,Error: No affiliations provided,6.0,10.4324/9780429506765-22,,125.95863,
Incentivizing Accessible Design,,,Error: No affiliations provided,2.0,10.2139/ssrn.3497902,,31.878738,
"Public Service Ethics, 2nd Edition: A Review",West Chester University of Pennsylvania,['West Chester University of Pennsylvania'],"[['West Chester University of Pennsylvania'], ['West Chester University of Pennsylvania'], ['West Chester University of Pennsylvania'], ['West Chester University of Pennsylvania']]",4.0,10.1080/10999922.2020.1803689,,29.937988,
Organizing Knowledge in Museums: A Review of Concepts and Concerns,,,Error: No affiliations provided,2.0,10.5771/0943-7444-2017-7-472,,exact,
Along the Archival Grain,,,Error: No affiliations provided,2.0,10.1515/9781400835478,Princeton,67.02309,
Queering the Borderlands: The Challenges of Excavating the Invisible and Unheard,,,Error: No affiliations provided,2.0,10.1353/fro.2004.0021,,exact,
Algorithms of Oppression,,,Error: No affiliations provided,2.0,10.2307/j.ctt1pwt9w5,,69.00561,
Ethnographic Collecting and African Agency in Early Colonial West Africa,,,Error: No affiliations provided,22.0,10.5040/9781501337956,,78.62449,
Material Connections: “The Smithsonian Effect” in Anthropological Cataloguing,National Museum of Natural History; Smithsonian Institution,['National Museum of Natural History; Smithsonian Institution'],"[['National Museum of Natural History; Smithsonian Institution'], ['National Museum of Natural History; Smithsonian Institution']]",2.0,10.1111/muan.12121,,exact,
Rethinking the Canon,,,Error: No affiliations provided,10.0,10.2307/3046172,,exact,
"HOUSE, DAUGHTER, NATION",,,Error: No affiliations provided,2.0,10.1093/acprof:oso/9780195144253.003.0002,,52.64091,
Sorting Things Out,,,Error: No affiliations provided,4.0,10.7551/mitpress/6352.001.0001,,96.99411,
Classification Along the Color Line: Excavating Racism in the Stacks,,,Error: No affiliations provided,2.0,10.24242/jclis.v1i1.17,,exact,
"Ara Irititja: Protecting the Past, Accessing the Future?Indigenous Memories in a Digital Age:Ara Irititja: Protecting the Past, Accessing the Future?Indigenous Memories in a Digital Age",,,Error: No affiliations provided,2.0,10.1525/mua.2006.29.1.56,,37.186478,
"Globalization: prospects, promise, and problems",,,Error: No affiliations provided,2.0,10.1016/s0161-8938(04)00047-x,,37.039234,
Legal and Economic Aspects of Traditional Knowledge,,,Error: No affiliations provided,2.0,10.1017/cbo9780511494529.025,,50.297134,
Intellectual and cultural property and the safeguarding of intangible cultural heritage,,,Error: No affiliations provided,4.0,10.4324/9781315714288-1,,71.11343,
On the (new) New Zealand graduated response law (and why it’s unlikely to achieve its aims),,,Error: No affiliations provided,2.0,10.7790/tja.v62i4.310,,41.748833,
"This is Art—These People are Artists:Pacific Standard Time, Conceptual Art, and Other Momentous Events from a Local Point of View",,,Error: No affiliations provided,2.0,10.1080/00043249.2012.10791079,,32.76643,
Museums Are Not Neutral: We Are Stronger Together,,,Error: No affiliations provided,0.0,10.24926/24716839.2277,,exact,
From Archaeology to Architecture: Building a Place for Noncommercial Culture Online,,,Error: No affiliations provided,2.0,10.7551/mitpress/9780262034654.003.0030,,39.49303,
Economic Strategies for Developing Digital Content and Digital Libraries,,,Error: No affiliations provided,4.0,10.1108/lhtn.2002.23919caf.001,,55.33809,
"Photography, Copyright and the South Kensington Experiment",,,Error: No affiliations provided,2.0,10.4337/9781849808033.00010,,58.061127,
Market Valuation of Australian Intellectual Property,,,Error: No affiliations provided,4.0,10.4337/9781847201553.00015,,38.67482,
"Photography, Copyright and the South Kensington Experiment",,,Error: No affiliations provided,2.0,10.4337/9781849808033.00010,,98.24426,
The end of the French model of land development?,"Sonia Guelton is Professor at the Paris School of Urban Planning, Building Bienvenüe, plot A, 14–20 boulevard Newton, Cité Descartes, Champs-sur-Marne, 77454 Marne-La-Vallée Cedex 2, France;","['Sonia Guelton is Professor at the Paris School of Urban Planning, Building Bienvenüe, plot A, 14–20 boulevard Newton, Cité Descartes, Champs-sur-Marne, 77454 Marne-La-Vallée Cedex 2, France;']","[['Sonia Guelton is Professor at the Paris School of Urban Planning, Building Bienvenüe, plot A, 14–20 boulevard Newton, Cité Descartes, Champs-sur-Marne, 77454 Marne-La-Vallée Cedex 2, France;'], ['Sonia Guelton is Professor at the Paris School of Urban Planning, Building Bienvenüe, plot A, 14–20 boulevard Newton, Cité Descartes, Champs-sur-Marne, 77454 Marne-La-Vallée Cedex 2, France;']]",2.0,10.3828/tpr.2018.38,,17.9072,
Green marks,,,Error: No affiliations provided,2.0,10.4337/9781784719463.00024,,50.344048,
Can Culture Be Copyrighted?,,,Error: No affiliations provided,2.0,10.1086/204721,,exact,
Fit for purpose? 3D printing and the implications for design law: opportunities and challenges,,,Error: No affiliations provided,2.0,10.4337/9781785368349.00031,,70.73387,
The Cultural Life of Intellectual Properties,,,Error: No affiliations provided,2.0,10.2307/j.ctv11sn021,,86.79372,
"Cultural Diversity, Copyright, and International Trade",,,Error: No affiliations provided,2.0,10.1016/b978-0-444-53776-8.00016-7,,76.616264,
Title Page / Inhaltsverzeichnis,,,Error: No affiliations provided,2.0,10.1159/000388663,,14.669857,
The Second Enclosure Movement and the Construction of the Public Domain,,,Error: No affiliations provided,2.0,10.4324/9781315095400-3,,64.24109,
Do Bad Things Happen When Works Enter the Public Domain?: Empirical Tests of Copyright Term Extension,,,Error: No affiliations provided,4.0,10.2139/ssrn.2130008,,131.21318,
WIPO and the traditional knowledge conundrum,,,Error: No affiliations provided,0.0,10.4324/9781315666358-20,,87.90184,
Experiments in intellectual property,,,Error: No affiliations provided,2.0,10.4337/9781789903997.00071,,91.44899,
ATR-FTIR characterization of old pressure sensitive adhesive tapes in historic papers,,,Error: No affiliations provided,8.0,10.1016/j.culher.2016.03.005,,25.81956,
ICH and authority: the Welsh language and statutory change,,,Error: No affiliations provided,2.0,10.4337/9781786434012.00017,,65.07834,
The University and the Undercommons,,,Error: No affiliations provided,4.0,10.1215/01642472-22-2_79-101,,64.04942,
Error: No title,,,Error: No affiliations provided,2.0,10.1023/a:1009051605173,,35.996563,
Whose Rules?,,,Error: No affiliations provided,2.0,10.1045/march2002-seadle,,106.21392,
Editorial: Art History and Its Publications in the Electronic Age,,,Error: No affiliations provided,2.0,10.2307/25068291,,49.65371,
Letter to the Editor,,,Error: No affiliations provided,2.0,10.3138/jsp.34.1.59,,29.946333,
Digital Art History: A Community Assessment,,,Error: No affiliations provided,2.0,10.1080/01973762.2013.761108,,50.82637,
Indigenous Knowledge: A Moral Reflection on Current Legal Concepts of Intellectual Property,,,Error: No affiliations provided,4.0,10.1515/LIBR.2001.234,,exact,
Women's Rights in the Universal Declaration,,,Error: No affiliations provided,2.0,10.2307/762661,,55.805935,
Defining digital stewardship in the digital age,,,Error: No affiliations provided,2.0,10.5210/fm.v12i7.1927,,37.249706,
Valuing museums as economic engines: Willingness to pay or discounting of cash-flows?,,,Error: No affiliations provided,2.0,10.1016/j.culher.2009.06.001,,exact,
"Synthetic Biology: Caught between Property Rights, the Public Domain, and the Commons",,,Error: No affiliations provided,4.0,10.1371/journal.pbio.0050058,,37.075798,
Open Licensing and Open Education Licensing Policy,,,Error: No affiliations provided,4.0,10.5334/bbc.c,,65.14256,
Open Licensing and Open Education Licensing Policy,,,Error: No affiliations provided,4.0,10.5334/bbc.c,,61.965652,
"Canon, Value, and Cultural Heritage: New Processes of Assigning Value in the Postdigital Realm",,,Error: No affiliations provided,2.0,10.3390/mti2020025,,exact,
The FAIR Guiding Principles for scientific data management and stewardship,,,Error: No affiliations provided,106.0,10.1038/sdata.2016.18,,exact,
Copyright,,,Error: No affiliations provided,0.0,10.1086/670036,,39.946095,
Principes directeurs pour la recherche sur la santé dans le Pacifique ? cartographie d'une relation éthique,,,Error: No affiliations provided,2.0,10.3917/riss.195.0161,,48.251213,
World report on disability,,,Error: No affiliations provided,0.0,10.1016/j.alter.2011.03.001,,26.334393,
How Museums Made (and Re-made) Their Digital User,,,Error: No affiliations provided,2.0,10.1007/978-3-319-97457-6_13,Cham,93.21197,
The End of the Beginning,,,Error: No affiliations provided,2.0,10.3167/armw.2013.010103,,exact,
ASSESSING THE EFFECT OF CULTURE ON SOCIAL ACCEPTABILITY OF SOCIAL MEDIA IN B2B CONTEXT: CHINESE CULTURE PERSPECTIVE,,,Error: No affiliations provided,4.0,10.15444/gmc2018.11.02.03,,20.164639,
Activating Diversity and Inclusion: A Blueprint for Museum Educators as Allies and Change Makers,,,Error: No affiliations provided,6.0,10.1080/10598650.2017.1306664,,exact,
Digital Technologies and Traditional Cultural Expressions: A Positive Look at a Difficult Relationship,,,Error: No affiliations provided,2.0,10.1017/s0940739110000032,,101.877945,
Data Feminism,,,Error: No affiliations provided,4.0,10.7551/mitpress/11805.001.0001,,49.19268,
"Copyright, Communication and Culture",,,Error: No affiliations provided,2.0,10.4337/9780857933522,,65.645706,
Automating Bias,,,Error: No affiliations provided,2.0,10.1038/scientificamerican1118-68,,38.308773,
Introduction,,,Error: No affiliations provided,2.0,10.4324/9781315393940-15,"London ; New York : Routledge, 2017.",27.350315,
DEBATES WITHIN CONTEMPORARY INTANGIBLE CULTURAL HERITAGE,,,Error: No affiliations provided,0.0,10.4337/9781786434012.00011,,57.535206,
Time Will Tell,,,Error: No affiliations provided,2.0,10.4324/9780429496059-16,,30.468111,
Advancing Feminism Online,,,Error: No affiliations provided,4.0,10.1525/sla.2019.3.1.4,,118.281456,
Evaluating Directive 2001/29/EC in the Light of the Digital Public Domain,,,Error: No affiliations provided,2.0,10.11647/obp.0019.03,,58.97389,
"Copyright, Licences, and Statutory Fraud","Robert Sullivan, Emeritus Professor of Law, University College London, UK. The authors would like to thank Isabella Alexander, Ross Anderson, Sarah Green and Pauline McBride for their comments on earlier drafts of this article. The opinions stated herein are the authors' own. The usual conditions apply.","['Ronan Deazley, Professor of Law, University of Glasgow, UK;', ""Robert Sullivan, Emeritus Professor of Law, University College London, UK. The authors would like to thank Isabella Alexander, Ross Anderson, Sarah Green and Pauline McBride for their comments on earlier drafts of this article. The opinions stated herein are the authors' own. The usual conditions apply.""]","[['Ronan Deazley, Professor of Law, University of Glasgow, UK;'], ['Ronan Deazley, Professor of Law, University of Glasgow, UK;'], [""Robert Sullivan, Emeritus Professor of Law, University College London, UK. The authors would like to thank Isabella Alexander, Ross Anderson, Sarah Green and Pauline McBride for their comments on earlier drafts of this article. The opinions stated herein are the authors' own. The usual conditions apply.""], [""Robert Sullivan, Emeritus Professor of Law, University College London, UK. The authors would like to thank Isabella Alexander, Ross Anderson, Sarah Green and Pauline McBride for their comments on earlier drafts of this article. The opinions stated herein are the authors' own. The usual conditions apply.""]]",4.0,10.5235/175776311799280782,,92.80779,
Postcolonial and decolonial dialogues,,,Error: No affiliations provided,2.0,10.1080/13688790.2014.966414,,exact,
"The Enduring Ephemeral, or the Future Is a Memory",,,Error: No affiliations provided,2.0,10.1086/595632,,exact,
Interoperability in Information Systems in the Furtherance of Trade,,,Error: No affiliations provided,4.0,10.2139/ssrn.2192651,,47.104153,
Indigenous Cultural and Intellectual Property Rights,,,Error: No affiliations provided,2.0,10.1045/may2002-sullivan,,exact,
Women and the Question of Canonicity,,,Error: No affiliations provided,2.0,10.2307/376642,,exact,
Artificial Knowing,,,Error: No affiliations provided,2.0,10.4324/9780203005057,,39.698837,
Toward Environmentally Sustainable Digital Preservation,,,Error: No affiliations provided,8.0,10.17723/0360-9081-82.1.165,,exact,
"Making Things Happen Mastering Project Management * Practical Business Continuity Management Top Tips for Effective, Real-World Business Continuity Management * Wikinomics How Mass Collaboration Changes Everything",,,Error: No affiliations provided,6.0,10.1093/itnow/bwn105,,24.196854,
Cultural Challenges to Biotechnology: Native American Genetic Resources and the Concept of Cultural Harm,,,Error: No affiliations provided,2.0,10.1111/j.1748-720x.2007.00163.x,,55.239765,
In Defense of Property,,,Error: No affiliations provided,6.0,10.1017/9781108770804.017,,72.04934,
Globalization and Intellectual Property,,,Error: No affiliations provided,0.0,10.4324/9781315254111,,exact,
"Sexism and Racism, Why Not Ableism?",,,Error: No affiliations provided,2.0,10.1177/1037969x0903400304,,40.508064,
"What Knowledge Exists about Drinking Water and Academic Achievements in Schools in Ghana, Sierra Leone and South Africa?",,,Error: No affiliations provided,2.0,10.7763/ijiet.2012.v2.207,,29.44635,
Critical Legal Histories,,,Error: No affiliations provided,2.0,10.2307/1228681,,39.392033,
Copyright and Mass Digitization,,,Error: No affiliations provided,4.0,10.1093/acprof:oso/9780199664559.001.0001,,89.33267,
"The Myth of Development, The Progress of Rights: Human Rights to Intellectual Property and Development",,,Error: No affiliations provided,2.0,10.1111/j.1467-9930.1996.tb00175.x,,99.96358,
Bioprospecting or Biopiracy?,,,Error: No affiliations provided,4.0,10.1111/j.1747-1796.2004.tb00257.x,,35.08487,
When is intellectual property an investment?,,,Error: No affiliations provided,2.0,10.4337/9781788977821.00013,,52.5658,
The Art of Removal: An Analysis of Deaccessioning in Clothing and Textile Teaching Collections,,,Error: No affiliations provided,4.0,10.23860/thesis-deitos-kristin-2016,,27.750225,
2. Perspectives for the documentation of indigenous languages in Brazil,,,Error: No affiliations provided,4.0,10.1515/9783110428902-002,"Berlin, Boston",68.99547,
"A Genealogy of Critical Race and Digital Studies: Past, Present, and Future","University of Minnesota, Twin Cities, Minneapolis, MN, USA","['University of Minnesota, Twin Cities, Minneapolis, MN, USA']","[['University of Minnesota, Twin Cities, Minneapolis, MN, USA'], ['University of Minnesota, Twin Cities, Minneapolis, MN, USA']]",2.0,10.1177/2332649220922577,,exact,
Finding the Public Domain: Copyright Review Management System Toolkit,,,Error: No affiliations provided,10.0,10.3998/crmstoolkit.14616082.0001.001,,73.59991,
1981 PRESIDENTIAL ADDRESS New Zealand beetles,,,Error: No affiliations provided,2.0,10.1080/00779962.1982.9722384,,exact,
Embedding indigenous principles in genomic research of culturally significant species: a conservation genomics case study,,,Error: No affiliations provided,12.0,10.20417/nzjecol.43.36,,exact,
2. Perspectives for the documentation of indigenous languages in Brazil,,,Error: No affiliations provided,4.0,10.1515/9783110428902-002,"Berlin, Boston",68.99547,
BREMEN: The Zoological Collections of the Übersee-Museum Bremen (UMB),,,Error: No affiliations provided,6.0,10.1007/978-3-319-44321-8_18,Cham,44.476532,
Digital Cultural Heritage and Wikimedia Commons Licenses:,,,Error: No affiliations provided,2.0,10.17161/jcel.v3i3.9771,,exact,
Libre accès aux savoirs et accès ouvert aux publications,,,Error: No affiliations provided,2.0,10.4000/rfsic.3194,,43.489376,
Le libre accès vu d’Afrique francophone subsaharienne,,,Error: No affiliations provided,18.0,10.4000/rfsic.3292,,43.84692,
Identifying and Comparing Learning Styles Preferences among Medical Undergraduates Students at College of Medicine Aljouf University,,,Error: No affiliations provided,2.0,10.4172/2375-4516.1000s1-011,,37.539925,
Slavery is a Metaphor: A Critical Commentary on Eve Tuck and K. Wayne Yang’s “Decolonization is Not a Metaphor”,Assistant Professor of Gender &amp; Race Studies University of Alabama Tuscaloosa AL USA,"['Independent Scholar Winnipeg MB Canada', 'Assistant Professor of Gender &amp; Race Studies University of Alabama Tuscaloosa AL USA']","[['Independent Scholar Winnipeg MB Canada'], ['Independent Scholar Winnipeg MB Canada'], ['Assistant Professor of Gender &amp; Race Studies University of Alabama Tuscaloosa AL USA'], ['Assistant Professor of Gender &amp; Race Studies University of Alabama Tuscaloosa AL USA']]",4.0,10.1111/anti.12615,,exact,
Owning Red: A Theory of Indian (Cultural) Appropriation,,,Error: No affiliations provided,4.0,10.31228/osf.io/zbnuc,,exact,
habent sua fata data: der Beitrag der Schweizerischen Akademie der Geistes- und Sozialwissenschaften zur nachhaltigen Sicherung von Forschungsdaten,,,Error: No affiliations provided,2.0,10.1515/9783110553796-016,"Berlin, Boston",34.006706,
Costa Rican copyright legislation and disability exceptions,,,Error: No affiliations provided,2.0,10.4324/9780429342677-20,"Abingdon, Oxon ; New York, NY : Routledge, [2020]",76.79813,
Accessibility and Open GLAM,,,Error: No affiliations provided,2.0,10.4324/9780429342677-4,"Abingdon, Oxon ; New York, NY : Routledge, [2020]",80.09982,
Encountering complexity: debates around cultural democracy and participation,"Faculty of Arts and Social Sciences, School of Literature, Arts and Media, The University of Sydney, Sydney, Australia","['Faculty of Arts and Social Sciences, School of Literature, Arts and Media, The University of Sydney, Sydney, Australia']","[['Faculty of Arts and Social Sciences, School of Literature, Arts and Media, The University of Sydney, Sydney, Australia'], ['Faculty of Arts and Social Sciences, School of Literature, Arts and Media, The University of Sydney, Sydney, Australia']]",2.0,10.1080/13527258.2017.1347581,,exact,
Reclaiming Fair Use,,,Error: No affiliations provided,4.0,10.7208/chicago/9780226374222.001.0001,,75.64137,
The impact of copyright permissions culture on the US visual arts community: The consequences of fear of fair use,"American University, USA","['American University, USA']","[['American University, USA'], ['American University, USA'], ['American University, USA'], ['American University, USA'], ['American University, USA'], ['American University, USA']]",6.0,10.1177/1461444815575018,,86.18222,
Why China Won't Follow Arab Revolt,,,Error: No affiliations provided,2.0,10.1111/j.1540-5842.2011.01233.x,,23.792334,
Lessons from the Globalization of Consumer Bankruptcy,,,Error: No affiliations provided,2.0,10.1111/j.1747-4469.2005.tb01145.x,,25.924902,
Mothers and Authors: Johnson v. Calvert and the New Children of Our Imaginations,,,Error: No affiliations provided,2.0,10.1086/448811,,89.219574,
Intellectual property training and education for social justice,,,Error: No affiliations provided,2.0,10.4337/9781783470259.00015,,28.895426,
Critical copyright law and the politics of “IP”,,,Error: No affiliations provided,2.0,10.4337/9781786438898.00025,,44.798958,
Copyright Law and the Commoditization of Sex,,,Error: No affiliations provided,2.0,10.2139/ssrn.1825946,,49.261658,
Pacto Fáustico digital. Instrumentalización de las tecnologías digitales en la escuela,,,Error: No affiliations provided,2.0,10.15446/ts.v21n1.70703,,48.045624,
What is the Commons Worth?,"Institute for Health and Wellbeing, University of Glasgow, Glasgow, UK","['School of Media and Communication, University of Leeds, Leeds, UK', 'Glasgow, UK', 'Institute for Health and Wellbeing, University of Glasgow, Glasgow, UK']","[['School of Media and Communication, University of Leeds, Leeds, UK'], ['School of Media and Communication, University of Leeds, Leeds, UK'], ['Glasgow, UK'], ['Glasgow, UK'], ['Institute for Health and Wellbeing, University of Glasgow, Glasgow, UK'], ['Institute for Health and Wellbeing, University of Glasgow, Glasgow, UK']]",6.0,10.1145/3233391.3233533,"New York, NY, USA",exact,
Moral Rights in Canada: An Historical and Comparative View,,,Error: No affiliations provided,2.0,10.4337/9781848445024.00016,,46.742138,
Legislative challenges to the Sony safe harbor rule,,,Error: No affiliations provided,2.0,10.1145/1047671.1047698,,34.926712,
The Valuation of Unprotected Works: A Case Study of Public Domain Photographs on Wikipedia,,,Error: No affiliations provided,6.0,10.2139/ssrn.2560572,,exact,
Project LiBiTOP,"Library and Information Science Institute, Faculty of Communication, Vilnius University, Lithuania","['Library and Information Science Institute, Faculty of Communication, Vilnius University, Lithuania']","[['Library and Information Science Institute, Faculty of Communication, Vilnius University, Lithuania'], ['Library and Information Science Institute, Faculty of Communication, Vilnius University, Lithuania']]",2.0,10.1177/0955749015626034,,43.745537,
Giving Diligence Its Due: Accessing Digital Images in Indigenous Repatriation Efforts,,,Error: No affiliations provided,4.0,10.3390/heritage2020081,,exact,
Copyright pluralism and human rights of visually impaire dpersons,,,Error: No affiliations provided,2.0,10.4337/9781788977999.00021,,49.00903,
The TRUST Principles for digital repositories,,,Error: No affiliations provided,38.0,10.1038/s41597-020-0486-7,,exact,
Impact of Image Quality in Online Art History Journals: A User Study,,,Error: No affiliations provided,4.0,10.1086/adx.29.1.27949538,,exact,
The transformative power of the thumbnail image: Media logistics and infrastructural aesthetics,,,Error: No affiliations provided,4.0,10.5210/fm.v22i10.7869,,159.59976,
"National Museums, Globalization, and Postnationalism",,,Error: No affiliations provided,2.0,10.3167/armw.2013.010104,,48.074066,
"Copying, Branding, and the Ethical Implications of Rights in Immaterial Cultural Goods","Goethe University, Germany","['Goethe University, Germany']","[['Goethe University, Germany'], ['Goethe University, Germany']]",2.0,10.4018/978-1-5225-2095-5.ch006,,57.004616,
Collecting Practices,,,Error: No affiliations provided,2.0,10.1002/9780470996836.ch6,"Malden, MA, USA",65.68014,
Decolonizing Methodologies: Research and Indigenous Peoples,,,Error: No affiliations provided,4.0,10.2307/2653993,,67.5765,
Hacking heritage,,,Error: No affiliations provided,2.0,10.4324/9780429506765-11,,92.49288,
Access and Accountability: The Ecology of Information Sharing in the Digital Age,,,Error: No affiliations provided,2.0,10.1111/j.1556-3502.2009.50404.x,,exact,
Virtual Repatriation and Digital Cultural Heritage: The Ethics of Managing Online Collections,,,Error: No affiliations provided,2.0,10.1111/j.1556-3502.2009.50405.x,,exact,
Intellectual Property and Indigenous Peoples,,,Error: No affiliations provided,2.0,10.1017/S0272503700056810,,exact,
Cultural Challenges to Biotechnology: Native American Genetic Resources and the Concept of Cultural Harm,,,Error: No affiliations provided,2.0,10.1111/j.1748-720x.2007.00163.x,,54.934143,
